-- name,age
User0,20
User1,21
User2,22
User3,23
User4,24
User5,25
User6,26
User7,27
User8,28
User9,29
User10,30
User11,31
User12,32
User13,33
User14,34
User15,35
User16,36
User17,37
User18,38
User19,39
User20,40
User21,41
User22,42
User23,43
User24,44
User25,45
User26,46
User27,47
User28,48
User29,49
User30,20
User31,21
User32,22
User33,23
User34,24
User35,25
User36,26
User37,27
User38,28
User39,29
User40,30
User41,31
User42,32
User43,33
User44,34
User45,35
User46,36
User47,37
User48,38
User49,39
User50,40
User51,41
User52,42
User53,43
User54,44
User55,45
User56,46
User57,47
User58,48
User59,49
User60,20
User61,21
User62,22
User63,23
User64,24
User65,25
User66,26
User67,27
User68,28
User69,29
User70,30
User71,31
User72,32
User73,33
User74,34
User75,35
User76,36
User77,37
User78,38
User79,39
User80,40
User81,41
User82,42
User83,43
User84,44
User85,45
User86,46
User87,47
User88,48
User89,49
User90,20
User91,21
User92,22
User93,23
User94,24
User95,25
User96,26
User97,27
User98,28
User99,29
User100,30
User101,31
User102,32
User103,33
User104,34
User105,35
User106,36
User107,37
User108,38
User109,39
User110,40
User111,41
User112,42
User113,43
User114,44
User115,45
User116,46
User117,47
User118,48
User119,49
User120,20
User121,21
User122,22
User123,23
User124,24
User125,25
User126,26
User127,27
User128,28
User129,29
User130,30
User131,31
User132,32
User133,33
User134,34
User135,35
User136,36
User137,37
User138,38
User139,39
User140,40
User141,41
User142,42
User143,43
User144,44
User145,45
User146,46
User147,47
User148,48
User149,49
User150,20
User151,21
User152,22
User153,23
User154,24
User155,25
User156,26
User157,27
User158,28
User159,29
User160,30
User161,31
User162,32
User163,33
User164,34
User165,35
User166,36
User167,37
User168,38
User169,39
User170,40
User171,41
User172,42
User173,43
User174,44
User175,45
User176,46
User177,47
User178,48
User179,49
User180,20
User181,21
User182,22
User183,23
User184,24
User185,25
User186,26
User187,27
User188,28
User189,29
User190,30
User191,31
User192,32
User193,33
User194,34
User195,35
User196,36
User197,37
User198,38
User199,39
